customer_id,signup_date,home_store_id,tier
1,2026-06-04,1003,Silver
2,2026-06-13,1002,Bronze
3,2025-10-17,1002,Bronze
4,2026-02-11,1001,Silver
5,2026-01-13,1001,Silver
6,2026-08-03,1002,Bronze
7,2026-04-22,1001,Bronze
8,2026-06-26,1007,Bronze
9,2026-02-08,1008,Bronze
10,2025-11-22,1005,Silver
11,2026-03-21,1004,Bronze
12,2025-09-24,1006,Bronze
13,2026-06-28,1011,Bronze
14,2026-04-18,1010,Gold
15,2026-06-03,1001,Bronze
16,2026-01-07,1002,Silver
17,2026-08-19,1003,Silver
18,2026-07-22,1003,Bronze
19,2026-06-10,1007,Bronze
20,2025-11-10,1005,Bronze
21,2026-02-17,1001,Bronze
22,2025-09-16,1005,Silver
23,2025-10-27,1007,Bronze
24,2026-05-06,1001,Bronze
25,2026-05-29,1010,Bronze
26,2026-08-18,1001,Bronze
27,2025-12-28,1011,Gold
28,2026-01-13,1001,Bronze
29,2026-02-18,1010,Bronze
30,2025-11-08,1011,Bronze
31,2025-10-18,1012,Silver
32,2026-02-20,1010,Bronze
33,2025-11-22,1009,Silver
34,2026-05-02,1008,Bronze
35,2026-02-06,1009,Bronze
36,2026-06-30,1002,Bronze
37,2026-05-13,1007,Bronze
38,2025-12-23,1007,Silver
39,2026-06-30,1010,Bronze
40,2026-06-20,1006,Bronze
41,2026-01-19,1005,Bronze
42,2025-12-14,1008,Bronze
43,2026-05-06,1003,Bronze
44,2025-10-21,1002,Bronze
45,2025-11-12,1006,Gold
46,2025-09-03,1005,Silver
47,2026-06-13,1003,Bronze
48,2026-04-30,1004,Silver
49,2026-05-14,1004,Bronze
50,2026-06-11,1004,Silver
51,2026-02-14,1005,Bronze
52,2026-03-26,1008,Silver
53,2025-10-21,1003,Bronze
54,2025-10-12,1012,Silver
55,2026-05-01,1011,Bronze
56,2026-02-19,1006,Bronze
57,2026-03-25,1004,Bronze
58,2026-06-05,1007,Silver
59,2026-04-19,1010,Bronze
60,2026-03-20,1008,Bronze
61,2026-03-22,1010,Bronze
62,2025-12-20,1007,Bronze
63,2025-09-12,1008,Bronze
64,2026-02-06,1003,Silver
65,2025-11-17,1009,Bronze
66,2026-01-27,1002,Bronze
67,2026-07-07,1008,Bronze
68,2025-11-24,1010,Bronze
69,2025-09-22,1002,Bronze
70,2025-12-12,1007,Silver
71,2025-12-16,1001,Silver
72,2026-04-29,1009,Gold
73,2026-03-22,1001,Bronze
74,2026-06-12,1011,Bronze
75,2026-04-30,1002,Silver
76,2026-01-26,1012,Silver
77,2026-06-23,1010,Bronze
78,2025-10-31,1007,Gold
79,2025-09-09,1009,Silver
80,2025-10-03,1010,Gold
81,2026-05-21,1011,Bronze
82,2026-02-15,1003,Silver
83,2025-10-29,1007,Bronze
84,2026-03-01,1001,Bronze
85,2025-10-26,1007,Silver
86,2026-05-11,1002,Gold
87,2026-02-09,1007,Gold
88,2026-01-17,1007,Bronze
89,2025-12-19,1006,Silver
90,2026-04-17,1007,Silver
91,2026-01-10,1009,Bronze
92,2025-10-02,1010,Bronze
93,2025-10-13,1006,Bronze
94,2026-08-16,1007,Bronze
95,2026-07-27,1011,Bronze
96,2026-05-12,1002,Gold
97,2025-12-06,1002,Silver
98,2026-08-18,1001,Silver
99,2026-06-10,1008,Bronze
100,2026-05-19,1005,Silver
101,2026-02-11,1009,Bronze
102,2025-12-08,1008,Silver
103,2025-10-05,1004,Gold
104,2026-07-25,1011,Silver
105,2026-02-13,1009,Silver
106,2025-11-13,1003,Bronze
107,2025-12-21,1004,Bronze
108,2026-03-30,1004,Bronze
109,2025-11-04,1002,Bronze
110,2026-07-08,1002,Bronze
111,2026-06-03,1011,Bronze
112,2026-05-20,1005,Silver
113,2026-02-04,1005,Silver
114,2026-04-16,1009,Silver
115,2026-04-01,1007,Silver
116,2026-04-24,1011,Bronze
117,2025-10-01,1009,Bronze
118,2026-01-29,1006,Bronze
119,2025-09-16,1005,Gold
120,2026-02-27,1012,Bronze
121,2025-12-29,1008,Silver
122,2025-10-23,1012,Silver
123,2025-10-08,1002,Bronze
124,2026-04-02,1010,Bronze
125,2025-11-01,1008,Gold
126,2026-08-02,1002,Bronze
127,2026-03-30,1007,Bronze
128,2026-01-04,1008,Silver
129,2026-04-03,1001,Bronze
130,2025-09-09,1006,Gold
131,2026-08-14,1010,Bronze
132,2026-02-23,1003,Bronze
133,2026-06-12,1006,Bronze
134,2025-10-01,1005,Bronze
135,2026-02-24,1004,Silver
136,2026-02-26,1011,Bronze
137,2026-08-07,1009,Bronze
138,2026-03-27,1001,Bronze
139,2026-02-19,1012,Silver
140,2025-12-06,1011,Gold
141,2025-12-30,1003,Gold
142,2026-03-09,1010,Bronze
143,2026-02-07,1001,Bronze
144,2025-09-08,1012,Bronze
145,2026-06-27,1008,Bronze
146,2026-07-23,1008,Silver
147,2025-10-21,1001,Silver
148,2026-03-21,1011,Bronze
149,2025-10-10,1001,Bronze
150,2026-05-03,1003,Silver
151,2025-12-12,1002,Silver
152,2026-04-28,1009,Bronze
153,2026-05-22,1002,Bronze
154,2026-06-07,1011,Bronze
155,2025-10-10,1008,Bronze
156,2026-07-30,1001,Bronze
157,2025-11-23,1001,Silver
158,2025-09-14,1001,Silver
159,2026-03-21,1007,Bronze
160,2026-01-13,1010,Bronze
161,2026-06-29,1003,Silver
162,2026-06-21,1010,Bronze
163,2025-12-25,1001,Silver
164,2026-08-12,1010,Bronze
165,2025-12-15,1011,Gold
166,2026-03-06,1009,Bronze
167,2025-12-02,1008,Bronze
168,2026-08-06,1010,Silver
169,2025-10-30,1001,Silver
170,2025-09-17,1002,Silver
171,2026-02-05,1002,Bronze
172,2026-08-27,1006,Bronze
173,2026-07-21,1009,Bronze
174,2026-05-30,1007,Bronze
175,2026-07-21,1010,Bronze
176,2026-07-22,1002,Bronze
177,2026-03-08,1009,Silver
178,2025-12-24,1002,Bronze
179,2026-06-08,1003,Bronze
180,2026-04-29,1008,Silver
181,2026-01-14,1012,Silver
182,2025-10-05,1007,Bronze
183,2026-05-30,1001,Bronze
184,2025-12-05,1007,Gold
185,2026-08-07,1001,Bronze
186,2025-11-27,1011,Gold
187,2025-10-15,1008,Gold
188,2026-06-29,1002,Bronze
189,2025-10-26,1001,Bronze
190,2025-11-05,1002,Silver
191,2026-04-06,1012,Bronze
192,2026-07-15,1006,Bronze
193,2025-11-11,1009,Gold
194,2025-12-22,1008,Silver
195,2026-06-10,1007,Bronze
196,2026-08-19,1002,Bronze
197,2026-03-01,1011,Gold
198,2025-10-23,1004,Bronze
199,2025-09-06,1007,Bronze
200,2025-11-23,1008,Bronze
201,2025-10-18,1008,Bronze
202,2026-05-04,1011,Bronze
203,2025-10-15,1002,Silver
204,2026-03-03,1006,Bronze
205,2026-05-11,1005,Bronze
206,2026-03-30,1006,Bronze
207,2025-11-12,1002,Bronze
208,2026-06-19,1002,Bronze
209,2026-05-18,1003,Silver
210,2026-05-27,1004,Bronze
211,2025-10-18,1005,Bronze
212,2025-10-15,1007,Bronze
213,2026-08-03,1008,Bronze
214,2026-01-23,1005,Bronze
215,2025-12-19,1005,Bronze
216,2026-02-25,1003,Silver
217,2026-04-29,1007,Bronze
218,2026-06-01,1004,Bronze
219,2025-12-13,1001,Silver
220,2026-08-02,1005,Bronze
221,2025-09-10,1006,Bronze
222,2026-03-21,1003,Silver
223,2026-04-19,1007,Silver
224,2025-10-09,1007,Bronze
225,2025-10-21,1008,Bronze
226,2026-01-31,1008,Bronze
227,2026-08-17,1008,Bronze
228,2026-04-05,1004,Silver
229,2026-08-05,1009,Bronze
230,2026-06-19,1007,Bronze
231,2026-02-17,1005,Silver
232,2026-06-12,1007,Bronze
233,2025-09-07,1004,Silver
234,2025-10-10,1006,Silver
235,2026-06-29,1009,Bronze
236,2026-06-17,1011,Bronze
237,2025-11-24,1011,Bronze
238,2026-03-12,1006,Silver
239,2026-04-08,1007,Bronze
240,2026-07-12,1010,Bronze
241,2026-04-07,1004,Bronze
242,2026-01-28,1010,Bronze
243,2026-01-14,1006,Bronze
244,2026-02-02,1002,Bronze
245,2026-04-25,1001,Bronze
246,2026-07-12,1010,Bronze
247,2026-02-12,1001,Silver
248,2025-11-29,1003,Bronze
249,2025-11-25,1004,Gold
250,2026-05-29,1002,Bronze
251,2026-06-24,1004,Bronze
252,2025-10-09,1009,Silver
253,2025-09-25,1001,Gold
254,2026-04-04,1010,Bronze
255,2025-10-24,1010,Gold
256,2026-06-27,1005,Bronze
257,2025-12-22,1002,Silver
258,2025-10-23,1007,Gold
259,2026-08-01,1002,Bronze
260,2025-10-31,1004,Gold
